{"cameraMode":{"drawMode":0,"name":"Shaded","section":"Shading Mode"},"sceneLighting":false,"audioPlay":false,"sceneViewState":{"showFog":true,"showMaterialUpdate":false,"showSkybox":false,"showFlares":true,"showImageEffects":true,"showParticleSystems":true},"in2DMode":false,"pivot":{"x":-0.11962890625,"y":-0.16259765625,"z":-0.2392578125},"rotation":{"x":0.19411113858222962,"y":-0.30190151929855349,"z":0.0629291832447052,"w":0.9312453866004944},"size":3.2255771160125734,"orthographic":true}