{"cameraMode":{"drawMode":0,"name":"Shaded","section":"Shading Mode"},"sceneLighting":false,"audioPlay":false,"sceneViewState":{"showFog":true,"showMaterialUpdate":false,"showSkybox":false,"showFlares":true,"showImageEffects":true,"showParticleSystems":true},"in2DMode":false,"pivot":{"x":25.016468048095704,"y":47.26864242553711,"z":0.4469366669654846},"rotation":{"x":0.052844975143671039,"y":0.5970141291618347,"z":-0.03946017846465111,"w":0.7995167374610901},"size":3.4922635555267336,"orthographic":false}