{"cameraMode":{"drawMode":0,"name":"Shaded","section":"Shading Mode"},"sceneLighting":false,"audioPlay":false,"sceneViewState":{"showFog":true,"showMaterialUpdate":false,"showSkybox":false,"showFlares":true,"showImageEffects":true,"showParticleSystems":true},"in2DMode":false,"pivot":{"x":-2.402738094329834,"y":63.01239013671875,"z":0.49459075927734377},"rotation":{"x":0.15202291309833527,"y":0.30442675948143008,"z":-0.049284521490335467,"w":0.9390356540679932},"size":7.2665863037109379,"orthographic":false}