{"cameraMode":{"drawMode":0,"name":"Shaded","section":"Shading Mode"},"sceneLighting":false,"audioPlay":false,"sceneViewState":{"showFog":true,"showMaterialUpdate":false,"showSkybox":false,"showFlares":true,"showImageEffects":true,"showParticleSystems":true},"in2DMode":false,"pivot":{"x":-3.365400552749634,"y":-2.2892727851867677,"z":-79.875},"rotation":{"x":0.21666403114795686,"y":0.00439309561625123,"z":-0.0009749928140081465,"w":0.9762362241744995},"size":132.1395721435547,"orthographic":true}