{"cameraMode":{"drawMode":0,"name":"Shaded","section":"Shading Mode"},"sceneLighting":false,"audioPlay":false,"sceneViewState":{"showFog":true,"showMaterialUpdate":false,"showSkybox":false,"showFlares":true,"showImageEffects":true,"showParticleSystems":true},"in2DMode":false,"pivot":{"x":-1.0899999141693116,"y":20.93000030517578,"z":0.0},"rotation":{"x":0.15032008290290833,"y":-0.008897610940039158,"z":0.0013529210118576885,"w":0.9885970950126648},"size":10.68415641784668,"orthographic":true}