{"cameraMode":{"drawMode":0,"name":"Shaded","section":"Shading Mode"},"sceneLighting":false,"audioPlay":false,"sceneViewState":{"showFog":true,"showMaterialUpdate":false,"showSkybox":false,"showFlares":true,"showImageEffects":true,"showParticleSystems":true},"in2DMode":false,"pivot":{"x":0.11594772338867188,"y":6.656120300292969,"z":0.001007080078125},"rotation":{"x":0.0653093233704567,"y":0.03591534495353699,"z":-0.0023520742543041708,"w":0.997217059135437},"size":112.6794204711914,"orthographic":true}