{"cameraMode":{"drawMode":0,"name":"Shaded","section":"Shading Mode"},"sceneLighting":false,"audioPlay":false,"sceneViewState":{"showFog":true,"showMaterialUpdate":false,"showSkybox":false,"showFlares":true,"showImageEffects":true,"showParticleSystems":true},"in2DMode":false,"pivot":{"x":0.8999999761581421,"y":0.4000000059604645,"z":0.6499999761581421},"rotation":{"x":0.12331261485815048,"y":-0.06544657051563263,"z":0.008150462992489338,"w":0.9901735782623291},"size":22.0,"orthographic":false}