{"cameraMode":{"drawMode":0,"name":"Shaded","section":"Shading Mode"},"sceneLighting":false,"audioPlay":false,"sceneViewState":{"showFog":true,"showMaterialUpdate":false,"showSkybox":false,"showFlares":true,"showImageEffects":true,"showParticleSystems":true},"in2DMode":false,"pivot":{"x":21.226318359375,"y":1632.38818359375,"z":0.39990234375},"rotation":{"x":0.11575005948543549,"y":-0.25331246852874758,"z":0.030544279143214227,"w":0.9599490165710449},"size":3.9337077140808107,"orthographic":true}