{"cameraMode":{"drawMode":2,"name":"Shaded Wireframe","section":"Shading Mode"},"sceneLighting":false,"audioPlay":false,"sceneViewState":{"showFog":true,"showMaterialUpdate":false,"showSkybox":false,"showFlares":true,"showImageEffects":true,"showParticleSystems":true},"in2DMode":false,"pivot":{"x":48.75895690917969,"y":1697.422607421875,"z":-1.06494140625},"rotation":{"x":0.11835461109876633,"y":-0.40296709537506106,"z":0.0526408925652504,"w":0.9060027599334717},"size":4.047187805175781,"orthographic":true}