{"cameraMode":{"drawMode":0,"name":"Shaded","section":"Shading Mode"},"sceneLighting":true,"audioPlay":false,"sceneViewState":{"showFog":true,"showMaterialUpdate":false,"showSkybox":true,"showFlares":true,"showImageEffects":true,"showParticleSystems":true},"in2DMode":false,"pivot":{"x":18.155202865600587,"y":234.96127319335938,"z":107.869140625},"rotation":{"x":0.12794816493988038,"y":0.0386691652238369,"z":-0.004992504138499498,"w":0.9910144805908203},"size":272.945068359375,"orthographic":false}