{"cameraMode":{"drawMode":0,"name":"Shaded","section":"Shading Mode"},"sceneLighting":true,"audioPlay":false,"sceneViewState":{"showFog":true,"showMaterialUpdate":false,"showSkybox":true,"showFlares":true,"showImageEffects":true,"showParticleSystems":true},"in2DMode":false,"pivot":{"x":-0.72857666015625,"y":27.438232421875,"z":26.671875},"rotation":{"x":0.008999880403280259,"y":-0.0014999337727203966,"z":0.00001351665378024336,"w":0.9999594688415527},"size":61.05009460449219,"orthographic":true}