{"cameraMode":{"drawMode":0,"name":"Shaded","section":"Shading Mode"},"sceneLighting":false,"audioPlay":false,"sceneViewState":{"showFog":true,"showMaterialUpdate":false,"showSkybox":false,"showFlares":true,"showImageEffects":true,"showParticleSystems":true},"in2DMode":false,"pivot":{"x":8.955177307128907,"y":80.21278381347656,"z":0.08596435189247132},"rotation":{"x":-0.047978274524211887,"y":-0.011986039578914643,"z":-0.0005759452469646931,"w":0.998779296875},"size":5.7962751388549809,"orthographic":false}