{"cameraMode":{"drawMode":0,"name":"Shaded","section":"Shading Mode"},"sceneLighting":false,"audioPlay":false,"sceneViewState":{"showFog":true,"showMaterialUpdate":false,"showSkybox":false,"showFlares":true,"showImageEffects":true,"showParticleSystems":true},"in2DMode":false,"pivot":{"x":0.04096357524394989,"y":-0.22976914048194886,"z":-0.024055808782577516},"rotation":{"x":0.04680778086185455,"y":0.9527872800827026,"z":-0.19741815328598023,"w":0.2259054183959961},"size":0.3920813202857971,"orthographic":false}