{"cameraMode":{"drawMode":0,"name":"Shaded","section":"Shading Mode"},"sceneLighting":false,"audioPlay":false,"sceneViewState":{"showFog":true,"showMaterialUpdate":false,"showSkybox":false,"showFlares":true,"showImageEffects":true,"showParticleSystems":true},"in2DMode":false,"pivot":{"x":0.2607421875,"y":0.0346221923828125,"z":0.04986572265625},"rotation":{"x":-0.016499198973178865,"y":-0.0029999336693435909,"z":-0.00004949974754708819,"w":0.9998594522476196},"size":3.506699562072754,"orthographic":true}